{
    "model": "ridge",
    "dataset": "trans_scale",
    "train_time_sec": 0.003347635269165039,
    "train_predict_time_sec": 0.002339601516723633,
    "test_time_sec": 0.0,
    "train": {
        "MSE": 23157053807.495132,
        "MAE": 107876.90894461151,
        "R2": 0.6849812395703719
    },
    "test": {
        "MSE": 22741109086.644226,
        "MAE": 108931.92059517215,
        "R2": 0.6805901813277258
    }
}