{
    "model": "linear_regression",
    "dataset": "trans_scale",
    "train_time_sec": 0.005525350570678711,
    "train_predict_time_sec": 0.0010094642639160156,
    "test_time_sec": 0.001505136489868164,
    "train": {
        "MSE": 23156982761.437225,
        "MAE": 107889.04181778073,
        "R2": 0.6849822060508786
    },
    "test": {
        "MSE": 22743122803.990368,
        "MAE": 108946.24354927934,
        "R2": 0.6805618976987288
    }
}