{
    "model": "xgboost",
    "dataset": "trans_scale",
    "train_time_sec": 0.126617431640625,
    "train_predict_time_sec": 0.003998517990112305,
    "test_time_sec": 0.0014469623565673828,
    "train": {
        "MSE": 13290765805.45295,
        "MAE": 76998.40344408908,
        "R2": 0.8191980463490938
    },
    "test": {
        "MSE": 13965274420.347641,
        "MAE": 79692.89726960436,
        "R2": 0.8038510015797115
    }
}