{
    "model": "lasso",
    "dataset": "trans_scale",
    "train_time_sec": 2.3698744773864746,
    "train_predict_time_sec": 0.0016160011291503906,
    "test_time_sec": 0.0010118484497070312,
    "train": {
        "MSE": 23156984339.81357,
        "MAE": 107887.18614121943,
        "R2": 0.6849821845793147
    },
    "test": {
        "MSE": 22742716151.170036,
        "MAE": 108943.89479334287,
        "R2": 0.6805676093332453
    }
}