{
    "model": "random_forest",
    "dataset": "scale",
    "train_time_sec": 0.2193441390991211,
    "train_predict_time_sec": 0.02735304832458496,
    "test_time_sec": 0.027298927307128906,
    "train": {
        "MSE": 15958598103.242981,
        "MAE": 83479.28964368612,
        "R2": 0.782905984739256
    },
    "test": {
        "MSE": 17475022536.32344,
        "MAE": 87672.59243275518,
        "R2": 0.7545549006271165
    }
}