{
    "model": "lasso",
    "dataset": "scale",
    "train_time_sec": 2.2750253677368164,
    "train_predict_time_sec": 0.0,
    "test_time_sec": 0.0,
    "train": {
        "MSE": 21518382622.27455,
        "MAE": 103719.20036165736,
        "R2": 0.7072730289236815
    },
    "test": {
        "MSE": 21617853464.786587,
        "MAE": 105184.54520915689,
        "R2": 0.6963668469746476
    }
}