{
    "model": "xgboost",
    "dataset": "scale",
    "train_time_sec": 0.11719632148742676,
    "train_predict_time_sec": 0.004006147384643555,
    "test_time_sec": 0.0,
    "train": {
        "MSE": 13290765805.45295,
        "MAE": 76998.40344408908,
        "R2": 0.8191980463490938
    },
    "test": {
        "MSE": 13965274420.347641,
        "MAE": 79692.89726960436,
        "R2": 0.8038510015797115
    }
}