{
    "model": "polynomial_regression",
    "dataset": "trans_scale",
    "train_time_sec": 16.335872650146484,
    "train_predict_time_sec": 0.029344558715820312,
    "test_time_sec": 0.005257606506347656,
    "train": {
        "MSE": 18098431970.683273,
        "MAE": 92593.15562960181,
        "R2": 0.7537965903383068
    },
    "test": {
        "MSE": 23453453617.78986,
        "MAE": 95082.65465685716,
        "R2": 0.6705849596536853
    }
}