{
    "model": "random_forest",
    "dataset": "trans_scale",
    "train_time_sec": 0.2233867645263672,
    "train_predict_time_sec": 0.027827739715576172,
    "test_time_sec": 0.028228282928466797,
    "train": {
        "MSE": 15957617453.58821,
        "MAE": 83481.61079490592,
        "R2": 0.7829193250821697
    },
    "test": {
        "MSE": 17478339109.246437,
        "MAE": 87683.91210850088,
        "R2": 0.7545083177646927
    }
}