{
    "model": "ridge",
    "dataset": "scale",
    "train_time_sec": 0.0019769668579101562,
    "train_predict_time_sec": 0.003545045852661133,
    "test_time_sec": 0.0010097026824951172,
    "train": {
        "MSE": 21518463472.63826,
        "MAE": 103705.56420323368,
        "R2": 0.7072719290695477
    },
    "test": {
        "MSE": 21614679158.399895,
        "MAE": 105175.12095539557,
        "R2": 0.6964114316351195
    }
}