{
    "model": "ann",
    "dataset": "scale",
    "epochs_ran": 62,
    "train_time_sec": 67.60804200172424,
    "train_predict_time_sec": 0.3167107105255127,
    "test_time_sec": 0.08977103233337402,
    "train": {
        "MSE": 18777804677.234272,
        "MAE": 92757.39893075544,
        "R2": 0.7445546915343171
    },
    "test": {
        "MSE": 19350864101.79062,
        "MAE": 95158.16543028902,
        "R2": 0.7282078033065347
    }
}