{
    "model": "decision_tree",
    "dataset": "scale",
    "train_time_sec": 0.031053781509399414,
    "train_predict_time_sec": 0.0022063255310058594,
    "test_time_sec": 0.0009996891021728516,
    "train": {
        "MSE": 18002763399.03018,
        "MAE": 89129.8910450535,
        "R2": 0.7550980251021919
    },
    "test": {
        "MSE": 19311251895.4826,
        "MAE": 93231.5847736942,
        "R2": 0.7287641758029615
    }
}