{
    "model": "polynomial_regression",
    "dataset": "scale",
    "train_time_sec": 256.7004187107086,
    "train_predict_time_sec": 0.4707460403442383,
    "test_time_sec": 0.11476778984069824,
    "train": {
        "MSE": 15847302197.120872,
        "MAE": 86969.51430394589,
        "R2": 0.7844200071481054
    },
    "test": {
        "MSE": 18791791189.405575,
        "MAE": 93280.47600524421,
        "R2": 0.7360602513506962
    }
}