{
    "model": "linear_regression",
    "dataset": "scale",
    "train_time_sec": 0.005781412124633789,
    "train_predict_time_sec": 0.0012073516845703125,
    "test_time_sec": 0.0010075569152832031,
    "train": {
        "MSE": 21518380956.37322,
        "MAE": 103721.31058988463,
        "R2": 0.7072730515858983
    },
    "test": {
        "MSE": 21618716709.174328,
        "MAE": 105186.26778107765,
        "R2": 0.6963547222918844
    }
}